Sensor,Raw Score,Smoothed Score,Z Score,Trend Score,Fluctuation Score,Raw Rank,Smoothed Rank
xmeas_21,12.0,11.999999999999998,12.0,12.0,12.0,1,1
xmv_10,2.797576707307091,2.7975767073070905,4.478692762788308,1.970258017327106,1.38340732331212,2,2
xmeas_9,2.4281667341147366,2.4281667341147366,4.046944556856696,1.3489815189531904,1.3489815189536696,3,3
xmeas_35,1.606586889617799,1.6065868896177988,1.9507182189806196,1.9721760556216983,0.7821559511301395,4,4
xmeas_8,1.5023314341242489,1.5023314341242489,2.134973460890673,1.590706531019935,0.57043363487333,5,5
xmeas_25,1.1602398158345877,1.1602398158345877,1.5619786008931646,1.4806458110428056,0.30418210721493355,6,6
