split,model,Threshold,Accuracy,Precision,Recall,F1,AUC,n_samples,positive_rate_true,Coverage
test_cost,RF,0.3800 ± 0.0141,0.7860 ± 0.0024,0.9600 ± 0.0078,0.7246 ± 0.0033,0.8258 ± 0.0013,0.8576 ± 0.0074,500,0.7,1.0000 ± 0.0000
test_cost,TCN,0.6840 ± 0.2215,0.6736 ± 0.0118,0.9771 ± 0.0234,0.5469 ± 0.0152,0.7010 ± 0.0122,0.7787 ± 0.0266,500,0.7,1.0000 ± 0.0000
test_cost,XGB,0.3120 ± 0.0130,0.7864 ± 0.0017,0.9524 ± 0.0056,0.7314 ± 0.0040,0.8274 ± 0.0014,0.8640 ± 0.0059,500,0.7,1.0000 ± 0.0000
test_main,RF,0.3800 ± 0.0141,0.8294 ± 0.0012,0.9716 ± 0.0040,0.7791 ± 0.0046,0.8648 ± 0.0014,0.9019 ± 0.0020,4000,0.7,1.0000 ± 0.0000
test_main,TCN,0.6840 ± 0.2215,0.7662 ± 0.0086,0.9900 ± 0.0090,0.6729 ± 0.0107,0.8011 ± 0.0081,0.8454 ± 0.0224,4000,0.7,1.0000 ± 0.0000
test_main,XGB,0.3120 ± 0.0130,0.8323 ± 0.0025,0.9696 ± 0.0055,0.7851 ± 0.0063,0.8677 ± 0.0024,0.9018 ± 0.0025,4000,0.7,1.0000 ± 0.0000
val,RF,0.3800 ± 0.0141,0.8369 ± 0.0008,0.9603 ± 0.0053,0.8050 ± 0.0037,0.8758 ± 0.0002,0.8628 ± 0.0007,12628,0.7142857142857143,1.0000 ± 0.0000
val,TCN,0.6840 ± 0.2215,0.8559 ± 0.0019,0.9833 ± 0.0055,0.8121 ± 0.0049,0.8895 ± 0.0016,0.9105 ± 0.0037,12628,0.7142857142857143,1.0000 ± 0.0000
val,XGB,0.3120 ± 0.0130,0.8477 ± 0.0009,0.9646 ± 0.0045,0.8169 ± 0.0041,0.8846 ± 0.0008,0.9020 ± 0.0008,12628,0.7142857142857143,1.0000 ± 0.0000
