{
  "RF": {
    "seed0": 0.4,
    "seed1": 0.38,
    "seed2": 0.38,
    "seed3": 0.38,
    "seed4": 0.36000000000000004
  },
  "XGB": {
    "seed0": 0.32,
    "seed1": 0.32,
    "seed2": 0.31,
    "seed3": 0.29000000000000004,
    "seed4": 0.32
  },
  "TCN": {
    "seed0": 0.44,
    "seed1": 0.99,
    "seed2": 0.59,
    "seed3": 0.5700000000000001,
    "seed4": 0.8300000000000001
  }
}