{
  "RF": {
    "seed0": 0.4,
    "seed1": 0.38,
    "seed2": 0.38,
    "seed3": 0.38,
    "seed4": 0.36000000000000004,
    "seed5": 0.36000000000000004,
    "seed6": 0.36000000000000004,
    "seed7": 0.38,
    "seed8": 0.36000000000000004,
    "seed9": 0.38
  },
  "XGB": {
    "seed0": 0.32,
    "seed1": 0.32,
    "seed2": 0.31,
    "seed3": 0.29000000000000004,
    "seed4": 0.32,
    "seed5": 0.32,
    "seed6": 0.31,
    "seed7": 0.3,
    "seed8": 0.33,
    "seed9": 0.31
  },
  "TCN": {
    "seed0": 0.01,
    "seed1": 0.38,
    "seed2": 0.01,
    "seed3": 0.02,
    "seed4": 0.02,
    "seed5": 0.23,
    "seed6": 0.46,
    "seed7": 0.04,
    "seed8": 0.27,
    "seed9": 0.01
  }
}