{
  "default_q": 0.8,
  "per_seed": {
    "seed0": {
      "0.60": {
        "tau": 0.5300000000000001,
        "gray_margin": 0.3300000000000001,
        "gray_ratio_val": 0.2939499524865379
      },
      "0.65": {
        "tau": 0.5300000000000001,
        "gray_margin": 0.3359504030000002,
        "gray_ratio_val": 0.30947101678808997
      },
      "0.70": {
        "tau": 0.5300000000000001,
        "gray_margin": 0.3416337640000002,
        "gray_ratio_val": 0.3271301868862844
      },
      "0.75": {
        "tau": 0.5300000000000001,
        "gray_margin": 0.3471719500000002,
        "gray_ratio_val": 0.3447101678808996
      },
      "0.80": {
        "tau": 0.5300000000000001,
        "gray_margin": 0.35358603000000016,
        "gray_ratio_val": 0.36197339246119736
      },
      "0.85": {
        "tau": 0.5300000000000001,
        "gray_margin": 0.3597875960000001,
        "gray_ratio_val": 0.3778904022806462
      },
      "0.90": {
        "tau": 0.5300000000000001,
        "gray_margin": 0.36796053700000014,
        "gray_ratio_val": 0.39452011403230913
      }
    },
    "seed1": {
      "0.60": {
        "tau": 0.9000000000000002,
        "gray_margin": 0.6956537460000003,
        "gray_ratio_val": 0.8679917643332278
      },
      "0.65": {
        "tau": 0.9000000000000002,
        "gray_margin": 0.7047946425000002,
        "gray_ratio_val": 0.8902439024390244
      },
      "0.70": {
        "tau": 0.9000000000000002,
        "gray_margin": 0.7112451420000002,
        "gray_ratio_val": 0.9105163129553373
      },
      "0.75": {
        "tau": 0.9000000000000002,
        "gray_margin": 0.7185494050000003,
        "gray_ratio_val": 0.9294425087108014
      },
      "0.80": {
        "tau": 0.9000000000000002,
        "gray_margin": 0.7237162900000003,
        "gray_ratio_val": 0.9438549255622426
      },
      "0.85": {
        "tau": 0.9000000000000002,
        "gray_margin": 0.7301725910000002,
        "gray_ratio_val": 0.9596135571745328
      },
      "0.90": {
        "tau": 0.9000000000000002,
        "gray_margin": 0.7380508520000003,
        "gray_ratio_val": 0.9754513778904023
      }
    },
    "seed2": {
      "0.60": {
        "tau": 0.7500000000000002,
        "gray_margin": 0.5480659720000002,
        "gray_ratio_val": 0.8708425720620843
      },
      "0.65": {
        "tau": 0.7500000000000002,
        "gray_margin": 0.5541666666666669,
        "gray_ratio_val": 0.8888976876781755
      },
      "0.70": {
        "tau": 0.7500000000000002,
        "gray_margin": 0.5600812970000002,
        "gray_ratio_val": 0.9062401013620526
      },
      "0.75": {
        "tau": 0.7500000000000002,
        "gray_margin": 0.5658290375000002,
        "gray_ratio_val": 0.9212860310421286
      },
      "0.80": {
        "tau": 0.7500000000000002,
        "gray_margin": 0.5718471260000002,
        "gray_ratio_val": 0.9382324992081089
      },
      "0.85": {
        "tau": 0.7500000000000002,
        "gray_margin": 0.5790486820000003,
        "gray_ratio_val": 0.9550205891669307
      },
      "0.90": {
        "tau": 0.7500000000000002,
        "gray_margin": 0.5861200350000002,
        "gray_ratio_val": 0.9707792207792207
      }
    },
    "seed3": {
      "0.60": {
        "tau": 0.7800000000000001,
        "gray_margin": 0.5759306600000001,
        "gray_ratio_val": 0.8665663604687995
      },
      "0.65": {
        "tau": 0.7800000000000001,
        "gray_margin": 0.5833412636666668,
        "gray_ratio_val": 0.8869179600886918
      },
      "0.70": {
        "tau": 0.7800000000000001,
        "gray_margin": 0.5904192820000002,
        "gray_ratio_val": 0.9047355083940449
      },
      "0.75": {
        "tau": 0.7800000000000001,
        "gray_margin": 0.5956042550000001,
        "gray_ratio_val": 0.9203357617991764
      },
      "0.80": {
        "tau": 0.7800000000000001,
        "gray_margin": 0.6023294020000001,
        "gray_ratio_val": 0.9388660120367437
      },
      "0.85": {
        "tau": 0.7800000000000001,
        "gray_margin": 0.6083774768333334,
        "gray_ratio_val": 0.9549414000633513
      },
      "0.90": {
        "tau": 0.7800000000000001,
        "gray_margin": 0.6165901170000001,
        "gray_ratio_val": 0.9729173265758632
      }
    },
    "seed4": {
      "0.60": {
        "tau": 0.8700000000000002,
        "gray_margin": 0.6670954660000002,
        "gray_ratio_val": 0.8691004117833386
      },
      "0.65": {
        "tau": 0.8700000000000002,
        "gray_margin": 0.6752417200000003,
        "gray_ratio_val": 0.8888184985745962
      },
      "0.70": {
        "tau": 0.8700000000000002,
        "gray_margin": 0.6816213760000002,
        "gray_ratio_val": 0.9073487488121634
      },
      "0.75": {
        "tau": 0.8700000000000002,
        "gray_margin": 0.6877173300000001,
        "gray_ratio_val": 0.9261165663604688
      },
      "0.80": {
        "tau": 0.8700000000000002,
        "gray_margin": 0.6935088680000002,
        "gray_ratio_val": 0.9414792524548622
      },
      "0.85": {
        "tau": 0.8700000000000002,
        "gray_margin": 0.6988845030000002,
        "gray_ratio_val": 0.9556541019955654
      },
      "0.90": {
        "tau": 0.8700000000000002,
        "gray_margin": 0.7066804866666668,
        "gray_ratio_val": 0.9731548938866013
      }
    }
  }
}