q,tau_mean,tau_std,gray_margin_mean,gray_margin_std,gray_ratio_val_mean,gray_ratio_val_std
0.6,0.7660000000000002,0.14570518178843198,0.5633491688000002,0.14414532591769638,0.7536902122267977,0.2570073761872351
0.65,0.7660000000000002,0.14570518178843198,0.5706989391666669,0.14530215957789314,0.7728698131137156,0.2590505097685885
0.7,0.7660000000000002,0.14570518178843198,0.5770001722000002,0.14562878763828835,0.7911941716819765,0.2594283341546973
0.75,0.7660000000000002,0.14570518178843198,0.5829743955000002,0.14612318047140468,0.8083782071586949,0.25922461675191527
0.8,0.7660000000000002,0.14570518178843198,0.5889975432000002,0.14574139217045085,0.824881216344631,0.2587829910842405
0.85,0.7660000000000002,0.14570518178843198,0.5952541697666669,0.14562071687922837,0.8406240101362054,0.2586831406906283
0.9,0.7660000000000002,0.14570518178843198,0.6030804055333335,0.14551762546330696,0.8573645866328793,0.25874321550873
