{
  "f1": 0.8520986788261429,
  "recall": 0.7575883575883576,
  "precision": 0.9735506278386321,
  "roc_auc": 0.861904529661379
}