{
  "f1": 0.8531542056074767,
  "recall": 0.7591476091476091,
  "precision": 0.9737333333333333,
  "roc_auc": 0.8618147599654449
}