{
  "f1": 0.853001344321702,
  "recall": 0.7585239085239085,
  "precision": 0.9743623981840032,
  "roc_auc": 0.8626008410939918
}