{
  "f1": 0.852447511550383,
  "recall": 0.7575883575883576,
  "precision": 0.974461826447386,
  "roc_auc": 0.8607514192274466
}