{
  "f1": 0.8518778518778519,
  "recall": 0.7568607068607068,
  "precision": 0.9741771474444741,
  "roc_auc": 0.8621877106294915
}