{
  "f1": 0.8525165137078389,
  "recall": 0.758004158004158,
  "precision": 0.9739548550821424,
  "roc_auc": 0.8617215133995956
}