{
  "f1": 0.8523803953678792,
  "recall": 0.7574844074844075,
  "precision": 0.9744584113399305,
  "roc_auc": 0.8618283945167508
}