{
  "f1": 0.8524801123069724,
  "recall": 0.7574844074844075,
  "precision": 0.9747191011235955,
  "roc_auc": 0.8618394659148084
}