{
  "f1": 0.8521637426900585,
  "recall": 0.7573804573804573,
  "precision": 0.9740641711229947,
  "roc_auc": 0.8607626923551581
}