dataset,q,seed,f1,recall,precision,roc_auc,gray_ratio,llm_call_rate,xgb_shortcut_rate,instability,worst_case_recall,prr,llm_calls,prompt_tokens,completion_tokens,total_tokens,cost_usd,avg_cost_per_call_usd,total_latency_ms,avg_latency_ms_per_sample,uses_actual_api_usage,tau,gray_margin,mode
main,0.8,-1,0.864492606846263,0.7621428571428571,0.99859616284511,0.9165535714285715,0.96375,0.0,0.71975,0.013146759599965113,0.0,1.0,0,0,0,0,0.0,0.0,0.0,0.0,False,0.7600000000000002,0.5889975432000002,no_llm
main,0.8,-1,0.8395112859805343,0.7239285714285715,0.9990142927550517,0.915789880952381,0.96375,0.28025,0.71975,0.015336492418297465,0.0,0.949859418931584,1121,88559,11080,99639,0.01993185,1.778041926851026e-05,2231850.4584000087,557.9626146000022,True,0.7600000000000002,0.5889975432000002,selective
val,0.8,-1,0.9036348267117498,0.8296008869179601,0.9921771413418191,0.8956295691761595,0.9615140956604371,0.0,0.7499208108964206,0.0030426486495413563,0.0,1.0,0,0,0,0,0.0,0.0,0.0,0.0,False,0.7600000000000002,0.5889975432000002,no_llm
val,0.8,-1,0.9025962291428227,0.8305986696230598,0.988260123994196,0.8945623730955109,0.9615140956604371,0.25007918910357935,0.7499208108964206,0.00391156564434316,0.0,1.00120272617934,3158,2210600,378960,2589560,0.558966,0.000177,2842200.0,225.0712701932214,False,0.7600000000000002,0.5889975432000002,selective
