dataset,q,mode,f1_mean,f1_std,recall_mean,recall_std,precision_mean,precision_std,roc_auc_mean,roc_auc_std,prr_mean,prr_std,gray_ratio_mean,gray_ratio_std,llm_call_rate_mean,llm_call_rate_std,worst_case_recall_mean,worst_case_recall_std,instability_mean,instability_std,cost_usd_mean,cost_usd_std,total_latency_ms_mean,total_latency_ms_std,avg_latency_ms_per_sample_mean,avg_latency_ms_per_sample_std,prompt_tokens_mean,prompt_tokens_std,completion_tokens_mean,completion_tokens_std,total_tokens_mean,total_tokens_std,llm_calls_mean,llm_calls_std,uses_actual_api_usage_mean,uses_actual_api_usage_std,xgb_shortcut_rate_mean,xgb_shortcut_rate_std
main,0.8,no_llm,0.864492606846263,0.0,0.7621428571428571,0.0,0.99859616284511,0.0,0.9165535714285715,0.0,1.0,0.0,0.96375,0.0,0.0,0.0,0.0,0.0,0.013146759599965113,0.0,0.0,0.0,0.0,0.0,0.0,0.0,0,0.0,0,0.0,0,0.0,0,0.0,False,0.0,0.71975,0.0
main,0.8,selective,0.8395112859805343,0.0,0.7239285714285715,0.0,0.9990142927550517,0.0,0.915789880952381,0.0,0.949859418931584,0.0,0.96375,0.0,0.28025,0.0,0.0,0.0,0.015336492418297465,0.0,0.01993185,0.0,2231850.4584000087,0.0,557.9626146000022,0.0,88559,0.0,11080,0.0,99639,0.0,1121,0.0,True,0.0,0.71975,0.0
val,0.8,no_llm,0.9036348267117498,0.0,0.8296008869179601,0.0,0.9921771413418191,0.0,0.8956295691761595,0.0,1.0,0.0,0.9615140956604371,0.0,0.0,0.0,0.0,0.0,0.0030426486495413563,0.0,0.0,0.0,0.0,0.0,0.0,0.0,0,0.0,0,0.0,0,0.0,0,0.0,False,0.0,0.7499208108964206,0.0
val,0.8,selective,0.9025962291428227,0.0,0.8305986696230598,0.0,0.988260123994196,0.0,0.8945623730955109,0.0,1.00120272617934,0.0,0.9615140956604371,0.0,0.25007918910357935,0.0,0.0,0.0,0.00391156564434316,0.0,0.558966,0.0,2842200.0,0.0,225.0712701932214,0.0,2210600,0.0,378960,0.0,2589560,0.0,3158,0.0,False,0.0,0.7499208108964206,0.0
