dataset,q,seed,f1,recall,precision,roc_auc,gray_ratio,llm_call_rate,xgb_shortcut_rate,instability,worst_case_recall,prr,llm_calls,prompt_tokens,completion_tokens,total_tokens,cost_usd,avg_cost_per_call_usd,total_latency_ms,avg_latency_ms_per_sample,tau,gray_margin,mode
main,0.8,0,0.8684734954165007,0.7782142857142857,0.9824165915238954,,0.419,0.2235,0.715,0.0364090011705966,0.0,0.9303502792767208,894,625800,107280,733080,0.158238,0.000177,804600.0,201.15,0.5300000000000001,0.3535860300000001,selective
main,0.8,1,0.8348076527463485,0.7246428571428571,0.9844735565259582,,0.93575,0.266,0.73,0.0421439467330762,0.0,0.8739508719653124,1064,744800,127680,872480,0.188328,0.000177,957600.0,239.4,0.9000000000000001,0.7237162900000002,selective
main,0.8,2,0.8674166331860185,0.7710714285714285,0.9912764003673096,,0.927,0.26875,0.72725,0.0358083701709895,0.0,0.9252446834793516,1075,752500,129000,881500,0.1902749999999999,0.0001769999999999,967500.0,241.875,0.7500000000000001,0.5718471260000001,selective
main,0.8,3,0.8659217877094972,0.775,0.981012658227848,,0.9265,0.277,0.71825,0.0379973674722,0.0,0.9324396425236762,1108,775600,132960,908560,0.1961159999999999,0.000177,997200.0,249.3,0.7800000000000001,0.6023294020000001,selective
main,0.8,4,0.8386303055156858,0.7303571428571428,0.9845931632161772,,0.93225,0.27075,0.7255,0.039434042738937,0.0,0.8773234023933184,1083,758100,129960,888060,0.191691,0.000177,974700.0,243.675,0.8700000000000001,0.6935088680000001,selective
