{
  "tau": 0.7600000000000002,
  "selected_metric": "f1",
  "val_metrics_at_tau": {
    "tau": 0.7600000000000002,
    "f1": 0.9036348267117498,
    "recall": 0.8296008869179601,
    "precision": 0.9921771413418191,
    "roc_auc": 0.8956295691761595
  },
  "per_seed": {
    "seed0": {
      "tau": 0.5300000000000001,
      "val_metrics_at_tau": {
        "tau": 0.5300000000000001,
        "f1": 0.9008955223880597,
        "recall": 0.8364745011086474,
        "precision": 0.9760672703751617,
        "roc_auc": 0.8967833706569781
      }
    },
    "seed1": {
      "tau": 0.9000000000000002,
      "val_metrics_at_tau": {
        "tau": 0.9000000000000002,
        "f1": 0.8967625899280576,
        "recall": 0.8291574279379157,
        "precision": 0.9763707571801566,
        "roc_auc": 0.8941409303543247
      }
    },
    "seed2": {
      "tau": 0.7500000000000002,
      "val_metrics_at_tau": {
        "tau": 0.7500000000000002,
        "f1": 0.9028344943550324,
        "recall": 0.833370288248337,
        "precision": 0.9849318658280922,
        "roc_auc": 0.8991156324206862
      }
    },
    "seed3": {
      "tau": 0.7800000000000001,
      "val_metrics_at_tau": {
        "tau": 0.7800000000000001,
        "f1": 0.9004323804948354,
        "recall": 0.8311529933481153,
        "precision": 0.9823113207547169,
        "roc_auc": 0.8994812740596163
      }
    },
    "seed4": {
      "tau": 0.8700000000000002,
      "val_metrics_at_tau": {
        "tau": 0.8700000000000002,
        "f1": 0.9007377196665267,
        "recall": 0.8324833702882484,
        "precision": 0.9811838494707957,
        "roc_auc": 0.8972078554186065
      }
    }
  },
  "tau_mean_from_seeds": 0.7660000000000002,
  "tau_std_from_seeds": 0.14570518178843198
}