seed,tau,f1,recall,precision,roc_auc
0,0.5300000000000001,0.9008955223880597,0.8364745011086474,0.9760672703751617,0.8967833706569781
1,0.9000000000000002,0.8967625899280576,0.8291574279379157,0.9763707571801566,0.8941409303543247
2,0.7500000000000002,0.9028344943550324,0.833370288248337,0.9849318658280922,0.8991156324206862
3,0.7800000000000001,0.9004323804948354,0.8311529933481153,0.9823113207547169,0.8994812740596163
4,0.8700000000000002,0.9007377196665267,0.8324833702882484,0.9811838494707957,0.8972078554186065
