{
  "tau": 0.4100000000000001,
  "selected_metric": "f1",
  "val_metrics_at_tau": {
    "tau": 0.4100000000000001,
    "f1": 0.8988629563135847,
    "recall": 0.8325942350332595,
    "precision": 0.976592977893368,
    "roc_auc": 0.8954939380829003
  },
  "per_seed": {
    "seed0": {
      "tau": 0.44000000000000006,
      "val_metrics_at_tau": {
        "tau": 0.44000000000000006,
        "f1": 0.889925042790533,
        "recall": 0.8358093126385809,
        "precision": 0.951533510034078,
        "roc_auc": 0.8847839673846245
      }
    },
    "seed1": {
      "tau": 0.4200000000000001,
      "val_metrics_at_tau": {
        "tau": 0.4200000000000001,
        "f1": 0.8979206049149339,
        "recall": 0.8425720620842572,
        "precision": 0.9610520991401112,
        "roc_auc": 0.8907669763177173
      }
    },
    "seed2": {
      "tau": 0.4200000000000001,
      "val_metrics_at_tau": {
        "tau": 0.4200000000000001,
        "f1": 0.8998574483250178,
        "recall": 0.8398004434589801,
        "precision": 0.9691658137154555,
        "roc_auc": 0.8958304039803148
      }
    },
    "seed3": {
      "tau": 0.4200000000000001,
      "val_metrics_at_tau": {
        "tau": 0.4200000000000001,
        "f1": 0.8988098762508141,
        "recall": 0.8414634146341463,
        "precision": 0.9645444147922226,
        "roc_auc": 0.8953279175126966
      }
    },
    "seed4": {
      "tau": 0.39000000000000007,
      "val_metrics_at_tau": {
        "tau": 0.39000000000000007,
        "f1": 0.8948456042982819,
        "recall": 0.8401330376940133,
        "precision": 0.9571807502841986,
        "roc_auc": 0.8941360600488689
      }
    },
    "seed5": {
      "tau": 0.4700000000000001,
      "val_metrics_at_tau": {
        "tau": 0.4700000000000001,
        "f1": 0.909112054428098,
        "recall": 0.8666297117516629,
        "precision": 0.9559740736211324,
        "roc_auc": 0.9073609827385312
      }
    },
    "seed6": {
      "tau": 0.4600000000000001,
      "val_metrics_at_tau": {
        "tau": 0.4600000000000001,
        "f1": 0.8969109195402298,
        "recall": 0.8304878048780487,
        "precision": 0.9748828735033837,
        "roc_auc": 0.8945258381227231
      }
    },
    "seed7": {
      "tau": 0.4100000000000001,
      "val_metrics_at_tau": {
        "tau": 0.4100000000000001,
        "f1": 0.8998037699946483,
        "recall": 0.8388026607538802,
        "precision": 0.9703732204694113,
        "roc_auc": 0.8949877950452554
      }
    },
    "seed8": {
      "tau": 0.44000000000000006,
      "val_metrics_at_tau": {
        "tau": 0.44000000000000006,
        "f1": 0.8956080071706005,
        "recall": 0.830820399113082,
        "precision": 0.9713545042125729,
        "roc_auc": 0.8923084203125845
      }
    },
    "seed9": {
      "tau": 0.4100000000000001,
      "val_metrics_at_tau": {
        "tau": 0.4100000000000001,
        "f1": 0.8947868424177651,
        "recall": 0.8353658536585366,
        "precision": 0.9633086167220659,
        "roc_auc": 0.8907874715463543
      }
    }
  },
  "tau_mean_from_seeds": 0.42800000000000005,
  "tau_std_from_seeds": 0.024404006956964163
}