{
  "f1": 0.8623056614843062,
  "recall": 0.763929313929314,
  "precision": 0.9897643097643097,
  "roc_auc": 0.9005782877186985
}