{
  "f1": 0.8646559297218155,
  "recall": 0.7673596673596673,
  "precision": 0.9902079141515762,
  "roc_auc": 0.9005552668052668
}