{
  "f1": 0.8640571897339739,
  "recall": 0.7664241164241165,
  "precision": 0.9901960784313726,
  "roc_auc": 0.900805008116652
}