{
  "f1": 0.8640890451083773,
  "recall": 0.7666320166320166,
  "precision": 0.9899328859060402,
  "roc_auc": 0.9013127141894265
}