{
  "f1": 0.8645705252063938,
  "recall": 0.7674636174636175,
  "precision": 0.989810966617509,
  "roc_auc": 0.9003349305575333
}