{
  "f1": 0.8640037483893639,
  "recall": 0.7667359667359668,
  "precision": 0.989535819694124,
  "roc_auc": 0.9011763686763687
}