{
  "f1": 0.864456419868791,
  "recall": 0.767047817047817,
  "precision": 0.99020397208803,
  "roc_auc": 0.901885721337776
}