{
  "f1": 0.8625725849023403,
  "recall": 0.7643451143451143,
  "precision": 0.989769820971867,
  "roc_auc": 0.9012795593275046
}