{
  "f1": 0.8647351477904595,
  "recall": 0.7678794178794178,
  "precision": 0.9895512391158741,
  "roc_auc": 0.9000887966470157
}