{
  "f1": 0.8639718804920914,
  "recall": 0.7665280665280665,
  "precision": 0.9897986577181208,
  "roc_auc": 0.9012380860839764
}