{
  "stage": "mode_start",
  "seed": 0,
  "mode": "selective",
  "tau": 0.5300000000000001,
  "margin": 0.35358603000000016,
  "elapsed_sec": 0.856789999998
}