embedding,normal_vs_transition,normal_vs_post_shift,transition_vs_post_shift
PCA,0.35885183756447075,1.3117739821509955,1.341005238236365
tSNE,7.017607688903809,8.7381010055542,4.447638511657715
