embedding,normal_vs_transition,normal_vs_post_shift,transition_vs_post_shift
PCA,0.35885184455723756,1.311773982856587,1.3410052362084015
tSNE,7.284249305725098,9.454788208007812,4.9700398445129395
