comparison,n_features,avg_mean_abs_diff,avg_std_abs_diff,avg_ks_stat,median_ks_pvalue,ks_reject_ratio_0.05,avg_wasserstein,mmd_rbf,pca_centroid_normal_vs_transition,pca_centroid_normal_vs_post_shift,tsne_centroid_normal_vs_transition,tsne_centroid_normal_vs_post_shift
normal vs shift,52,1.8870709678309427,8.775940756666968,0.1227220695970696,3.6634475242960404e-13,0.9423076923076923,3.938120747080852,0.0405534580552076,0.35885184455723756,1.311773982856587,7.284249305725098,9.454788208007812
normal vs transition,52,0.9025661481430114,2.8835246435605173,0.11205128205128206,6.58138400651268e-06,0.8461538461538461,1.7404740749306937,0.02119910990423013,0.35885184455723756,1.311773982856587,7.284249305725098,9.454788208007812
normal vs post_shift,52,2.3062027896804733,10.245721991267647,0.13820833333333332,2.1212222339343393e-13,0.9423076923076923,4.8654739820684805,0.05655329155994426,0.35885184455723756,1.311773982856587,7.284249305725098,9.454788208007812
