margin_q,margin,u_low,u_high,gray_zone_ratio_test,llm_called_ratio_overall,f1_test,recall_test,roc_auc_test,f1_gray_test,recall_gray_test,roc_auc_gray_test,n_gray_test
0.6,0.08816302262282591,0.25183697737717414,0.4281630226228259,0.3675,0.2365,0.8890022965042103,0.871,0.9300232500000001,0.3046683046683047,0.2594142259414226,0.6505103514848289,1470
0.7,0.08826995784152869,0.25173004215847133,0.4282699578415287,0.44825,0.25625,0.8890022965042103,0.871,0.9327066249999999,0.2870159453302961,0.23333333333333334,0.6476678582719292,1793
0.8,0.0885000705627512,0.2514999294372488,0.42850007056275125,0.55,0.2735,0.8890022965042103,0.871,0.9379331249999999,0.266384778012685,0.2079207920792079,0.6491272479910088,2200
0.9,0.17906977128625826,0.16093022871374177,0.5190697712862583,0.583,0.29775,0.8890022965042103,0.871,0.938146875,0.3685897435897436,0.30831099195710454,0.6865959953852911,2332
